{"cameraMode":{"drawMode":0,"name":"Shaded","section":"Shading Mode"},"sceneLighting":false,"audioPlay":false,"sceneViewState":{"m_AlwaysRefresh":false,"showFog":true,"showSkybox":false,"showFlares":true,"showImageEffects":true,"showParticleSystems":true,"showVisualEffectGraphs":true,"m_FxEnabled":true},"in2DMode":false,"pivot":{"x":12.654942512512207,"y":0.6786923408508301,"z":74.46835327148438},"rotation":{"x":0.05128338187932968,"y":0.02935577556490898,"z":-0.0015045913169160486,"w":0.9982579350471497},"size":8.693082809448243,"orthographic":false}